{
  "my_position": {
    "0": [
      588.1399615020396,
      499.0851828653105
    ]
  },
  "your_position": {
    "0": [
      235.64224010676588,
      428.38743075034614
    ],
    "1": [
      364.0,
      129.0
    ]
  }
}